{"type":"Topology","objects":{"units":{"type":null}},"arcs":[],"transform":{"scale":[0.000018560612561249607,0.00002144989888989474],"translate":[-70.06240800699987,12.417669989000046]}}