{"type":"Topology","objects":{"units":{"type":null}},"arcs":[],"transform":{"scale":[0.0008512773477347693,0.0012993486848684955],"translate":[-165.8247371079999,-21.938897393999923]}}