{"type":"Topology","objects":{"units":{"type":null}},"arcs":[],"transform":{"scale":[0.00005031834563455866,0.00003198562046203741],"translate":[-2.673451300999886,49.411566473000164]}}