{"type":"Topology","objects":{"units":{"type":null}},"arcs":[],"transform":{"scale":[0.00000196152371672244,0.0000030622341246324374],"translate":[-5.358386758763487,36.11050039300005]}}