{"type":"Topology","objects":{"units":{"type":null}},"arcs":[],"transform":{"scale":[0.00012337659545956313,0.00022054614321431707],"translate":[71.26099694100003,-7.432224216999828]}}