{"type":"Topology","objects":{"units":{"type":null}},"arcs":[],"transform":{"scale":[0.0005975613837383772,0.00011527845494548965],"translate":[-130.7530818349999,-25.077080987999793]}}