{"type":"Topology","objects":{"units":{"type":null}},"arcs":[],"transform":{"scale":[0.0019761660411041064,0.0019693050034003505],"translate":[-154.7026667959999,-27.641208591999884]}}