{"type":"Topology","objects":{"units":{"type":null}},"arcs":[],"transform":{"scale":[0.0002506028597859803,0.0006779974872487248],"translate":[-176.21930904899995,-22.338799737999878]}}