{"type":"Topology","objects":{"units":{"type":null}},"arcs":[],"transform":{"scale":[1.321492149206421e-7,1.1629132913638796e-7],"translate":[12.452714082000085,41.902751941000105]}}